brand,model_name,asset_id
OEM,OEM Wheels,1
HRE,441R,2
BBS,CH-R,3
Drifz,520B Prodrift,4
ICW Racing,004S Odessa,5
OEM,OEM Wheels (Corvette),6
OEM,OEM Wheels (Ford GT?),7
HRE,547R,8
BBS,LM Silver,9
Drifz,505B NOS,10
ICW Racing,201MS,11
HRE,C21 Polished,12
BBS,RG-R Silver,13
Drifz,202 MS Jade,14
ICW Racing,830MB,15
Drifz,506B Venom,16
Drifz,506H Venom,17
HRE,C22 Polished,18
ICW Racing,007MB,19
OEM,OEM Wheels (Scion),20
HRE,560 Black/Red,21
Cragar,Classic 0861 SS,22
Team Dynamics,Jade-R,23
Drifz,511B,24
ICW Racing,204MB,25
Maas,550C,26
Maas,551C,27
OEM,TRD RS 5.0 (LE - Scion tC 05 only),28
OEM,OEM Wheels (Duplicate?),29
OEM,Acura NSX Race Edition OEM (LE),30
HRE,C21 Gold,31
OEM,TRD Scion tC (LE),32
OEM,Nissan GTR R35 OEM,33
Wald,11C,34
Maas,Modular 551 Monaco,35
Drifz,207MB,36
OEM,WD-40 Camaro Gold + Tourney (Top 10),37
BBS,LM Gold,38
Konig,14MB,39
Konig,Retrack,40
OEM,TireBuyer R34 Stock + Tourney (Top 10),41
BBS,RG-R Black,42
Drifz,207B,43
HRE,565 Gold,44
HRE,C22 Black,45
Cragar,441 Chrome,46
Advanti Racing,A2 Traktion Charcoal,47
Cragar,Series 32,48
Konig,16MB Lace,49
Advanti Racing,Marichi,50
Pacer,521P,51
BBS,LM Black/Red (LE CC Rewards),52
OEM,Mazda Furai OEM (VIP only),53
Weld,Draglite,54
Drifz,301B,55
ICW Racing,209MB,56
Cragar,391C,57
OEM,OEM Wheels ZR1,58
OEM,OEM Wheels ZR1 Black,59
OEM,OEM Wheels ZR1 Chrome,60
OEM,WD-40 Camaro Blue Stock + Tourney (Top 10),61
OEM,IVD Challenger + IVD 240SX Stock + Tourney (Top 10),62
BBS,RZ Black,63
Volk Racing,TE37 White,64
Volk Racing,TE37 Black,65
Volk Racing,TE37 Green,66
OEM,Mazda RX3 Stock,67
OEM,OEM Wheels (CRX),68
Volk Racing,TE37 F-Zero Blue (LE CC Rewards),69
Volk Racing,CE28N Silver,70
Volk Racing,CE28N Gold,71
Volk Racing,CE28N Bronze,72
OEM,Plymouth Cuda OEM,73
Weld,Alumastar 2.0 Black,74
Weld,Alumastar 2.0 Gold,75
Gram Lights,57S-Pro,76
Gram Lights,57S-Pro,77
Advan Racing,SA3R Blue,78
Advan Racing,SA3R Polished,79
Advan Racing,SA3R Gold,80
Advan Racing,SA3R Black,81
Advan Racing,SA3R Red,82
Advan Racing,SA3R Silver,83
Volk Racing,TE37 LE Red,84
SSR Wheels,SP3 Gold,85
SSR Wheels,SP3 Polished,86
SSR Wheels,MK-III Silver,87
SSR Wheels,MK-III Red,88
SSR Wheels,MK-III Orange,89
Volk Racing,RE30 Diamond Black,90
Volk Racing,RE30 Magnesium Blue,91
Volk Racing,RE30 Polished,92
Volk Racing,RE30 LE Red (LE CC Rewards),93
OEM,OEM Wheels (?),94
OEM,OEM Wheels (MP412-C),95
Volk Racing,GT-V Black,96
Volk Racing,GT-V Gold,97
Volk Racing,GT-V Silver,98
Volk Racing,TE37V Bronze,99
Volk Racing,TE37V Gunmetallic,100
Volk Racing,TE37 LE Black/Red (LE CC Rewards),101
Volk Racing,CE28N LE Black/Red (LE CC Rewards),102
Tourney Wheels,Tourney Wheels 103,103
Tourney Wheels,Tourney Wheels 104,104
Tourney Wheels,VTW Tourney Top 20,105
OEM,OEM Wheels (SLR McLaren),106
HRE,441R Silver,107
Tourney Wheels,Tourney Wheels 108,108
Tourney Wheels,VTW Tourney Top 10 - Versus the World,109
OEM,Dodge SEMA Challenger OEM,110
Tourney Wheels,WD-40 SEMA Cares Volk TE37V Black/Yellow (Top 10),111
Volk Racing,TE37V LE Blue/Polished (LE CC Rewards?),112
OEM,OEM Wheels (SLR McLaren Black),113
Volk Racing,TE37V Fluorescent Pink (Tourney Top 20),114
SSR Wheels,SP1R Polished,115
SSR Wheels,SP1R Silver,116
SSR Wheels,SP1R Black,117
OEM,OEM Wheels (Crown Vic/Interceptor),118
Tourney Wheels,IVD2 Tourney Top 10,119
Volk Racing,RE30 Blue (LE - F1 McLaren),120
Volk Racing,TE37V Fluorescent Blue,121
Volk Racing,TE37V Fluorescent Green,122
Volk Racing,TE37V Fluorescent Orange,123
Volk Racing,TE37V Fluorescent Yellow,124
OEM,OEM Wheels (Box/TFD),125
OEM,Nissan Skyline GTR R33 OEM,126
Tourney Wheels,SRT 13 Viper OEM + Tourney 127,127
OEM,Ford Beast Stock OEM,128
Volk Racing,TE37V Fluorescent Purple,129
OEM,Ford RS 500 OEM,130
OEM,Unknown Stock Wheel 131,131
Advan Racing,RG-D2 Polished,132
OEM,Unknown SRT? 133,133
SSR Wheels,SP1R Blue/Red,134
SSR Wheels,SP1R Red/Blue,135
Volk Racing,GT-30 Gold (Avitron Tourney Winners),136
OEM,Unknown 137,137
Tourney Wheels,Scion FR-S Race Edition + Tourney 138,138
Vorsteiner,V-RT Edition 997 Turbo,139
OEM,Ford RS500 OEM,140
OEM,Chevrolet Corvette C6 Z06 OEM,141
Advan Racing,RG-D Yellow,142
Remove,Remove 143,143
OEM,OEM Wheel 144,144
Remove,Remove 145,145
OEM,Duece Graveyard Tourney Car Stock (Gold/Black),146
OEM,Duece Stock Rims (Red/Polished),147
Tourney Wheels,VVZ Tourney (Duece Gold/Black),148
Tourney Wheels,VVZ Tourney (Duece Black/Black),149
Tourney Wheels,VVZ Tourney (Duece Red/Black),150
OEM,Porsche RWB OEM,151
OEM,Nissan SignalR Dragster OEM,152
OEM,Porsche RWB Ramintra 993R OEM,153
OEM,OEM Wheels (Taurus),154
OEM,SRT OEM Wheels 155,155
OEM,Porsche RWB Stella OEM,156
OEM,Porsche RWB Rotana 993 OEM,157
